ayesha.kamran,ayesha.kamran.1,,,
adil.majeed,adil.majeed.2,,,
asim.ali,asim.ali.3,,,
hassan.mujtaba,hassan.mujtaba.4,,,
hassan.raza,hassan.raza.5,,,
zainab.fatima,zainab.fatima.6,,,
ahmed.mujtaba,ahmed.mujtaba.7,,,
aiman.ashraf,aiman.ashraf.8,,,
naveed.aslam,naveed.aslam.9,,,
raja.allahyar,raja.allahyar.10,,,
maryam.iftikhar,maryam.iftikhar.11,,,
farqaa,ttte,,,
adilmajww,212,,,
alihhh,alI2333,,,
teachersss,Tea-222,,,
alihss,Aliiii3,,,
teach,Meaning2,,,
teach2,Meaning3,,,
check,checK3,,,
ali,Ali223d,,,
adilmajeed,Ali111,dilmajeed@gmail.vom,3215017784,Adil majee
ali,Alii3333,ali@gmai.com  ,3215017784,ali has
ali,Ali3333,ali@gma.com,3215017784,ali has
ali,Alii333,ali@gmail.om,3215017784,Ali hashim
ali,Alii3333,adil@gmail.com,3445029790,adil majeed
ali,Ali345,see@g.com,3215017784,see
jawad,Jawad5,jawa@h.com,3376232018,Jawad
adil.majeed,Adil.majeed5,adil@gmail.com,3225029790,Adil Majeed
hamamddm,Pppppp1,hamza@gmail.com,3315380095,hamza
check,Check5,,,
jawad.user,Jawad5,S@GA.COM,03333333333,JAWAD HASSAN
ali,Aliuse4,a@k.com,03215017784,eded
